country,population,region,"estimated prevalence of modern slavery per 1,000 population",estimated number of people in modern slavery,governance issues,lack of basic needs,inequality,disenfranchised groups,effects of conflict,total vulnerability score (%),survivors of slavery are identified and supported to exit and remain out of modern slavery (%),criminal justice mechanisms function effectively to prevent modern slavery (%),"coordination occurs at the national and regional level and across borders, and governments are held to account for their response (%)","risk factors, such as attitudes, social systems, and institutions that enable modern slavery are addressed (%)",government and business stop sourcing goods and services produced by forced labour (%),government response total (%),year,corruption,year_democracy,democracy score,year_migration,migration
Afghanistan,38928000,Asia and the Pacific,13.0,505000.0,75.0,49.0,71.0,73.0,98.0,86.0,,,,,,,2023.0,20.0,,,2023.0,-65846.0
Albania,2878000,Europe and Central Asia,11.8,34000.0,39.0,31.0,44.0,68.0,22.0,40.0,55.0,69.0,75.0,79.0,13.0,62.0,2023.0,37.0,2023.0,6.28,2023.0,-8000.0
Algeria,43851000,Africa,1.9,84000.0,54.0,27.0,30.0,58.0,34.0,43.0,23.0,54.0,38.0,43.0,0.0,36.0,2023.0,36.0,2023.0,3.66,2023.0,-9999.0
Angola,32866000,Africa,4.1,136000.0,51.0,63.0,55.0,71.0,29.0,61.0,59.0,46.0,63.0,29.0,0.0,44.0,2023.0,33.0,2023.0,4.18,2023.0,-1000.0
Argentina,45196000,Americas,4.2,189000.0,41.0,29.0,53.0,43.0,15.0,36.0,50.0,73.0,75.0,64.0,0.0,58.0,2023.0,37.0,2023.0,6.62,2023.0,3718.0
Armenia,2963000,Europe and Central Asia,8.9,26000.0,60.0,31.0,36.0,67.0,21.0,48.0,64.0,58.0,75.0,50.0,0.0,54.0,2023.0,47.0,2023.0,5.42,2023.0,-5000.0
Australia,25500000,Asia and the Pacific,1.6,41000.0,3.0,29.0,18.0,29.0,26.0,7.0,64.0,69.0,75.0,79.0,38.0,67.0,2023.0,75.0,2023.0,8.66,2023.0,139991.0
Austria,9006000,Europe and Central Asia,1.9,17000.0,10.0,22.0,17.0,35.0,19.0,8.0,59.0,65.0,75.0,71.0,25.0,62.0,2023.0,71.0,2023.0,8.28,2023.0,19999.0
Azerbaijan,10139000,Europe and Central Asia,10.6,107000.0,67.0,34.0,28.0,84.0,33.0,57.0,64.0,69.0,63.0,64.0,0.0,59.0,2023.0,23.0,2023.0,2.8,2023.0,0.0
Bahrain,1702000,Arab States,6.7,11000.0,51.0,34.0,27.0,62.0,13.0,40.0,77.0,50.0,63.0,57.0,0.0,55.0,2023.0,42.0,2023.0,2.52,2023.0,0.0
Bangladesh,164689000,Asia and the Pacific,7.1,1162000.0,52.0,44.0,38.0,81.0,53.0,58.0,41.0,69.0,50.0,50.0,0.0,49.0,2023.0,24.0,2023.0,5.87,2023.0,-309977.0
Barbados,287000,Americas,,,,,,,,,36.0,54.0,38.0,50.0,0.0,41.0,2023.0,69.0,,,2023.0,-80.0
Belarus,9449000,Europe and Central Asia,11.3,107000.0,53.0,31.0,27.0,64.0,18.0,41.0,64.0,50.0,38.0,50.0,0.0,47.0,2023.0,37.0,,,2023.0,-4282.0
Belgium,11590000,Europe and Central Asia,1.0,11000.0,15.0,22.0,27.0,18.0,29.0,11.0,45.0,65.0,75.0,71.0,38.0,59.0,2023.0,73.0,2023.0,7.64,2023.0,23999.0
Benin,12123000,Africa,3.0,37000.0,49.0,46.0,47.0,58.0,18.0,48.0,32.0,54.0,50.0,43.0,0.0,40.0,2023.0,43.0,2023.0,4.68,2023.0,-200.0
Bosnia and Herzegovina,3281000,Europe and Central Asia,10.1,33000.0,38.0,22.0,35.0,74.0,26.0,36.0,68.0,65.0,63.0,57.0,0.0,58.0,2023.0,35.0,2023.0,5.0,2023.0,-500.0
Botswana,2352000,Africa,1.8,4000.0,47.0,48.0,55.0,49.0,5.0,45.0,32.0,54.0,63.0,50.0,0.0,42.0,2023.0,59.0,2023.0,7.73,2023.0,3000.0
Brazil,212559000,Americas,5.0,1053000.0,50.0,28.0,67.0,47.0,31.0,47.0,45.0,50.0,75.0,57.0,38.0,51.0,2023.0,36.0,2023.0,6.68,2023.0,6000.0
Bulgaria,6948000,Europe and Central Asia,8.5,59000.0,24.0,21.0,44.0,62.0,14.0,26.0,50.0,65.0,63.0,57.0,25.0,55.0,2023.0,45.0,2023.0,6.41,2023.0,-4800.0
Burkina Faso,20903000,Africa,3.7,77000.0,47.0,47.0,48.0,60.0,60.0,56.0,45.0,42.0,38.0,29.0,0.0,36.0,2023.0,41.0,2023.0,2.73,2023.0,-24998.0
Burundi,11891000,Africa,7.5,89000.0,77.0,58.0,54.0,76.0,46.0,77.0,23.0,42.0,63.0,14.0,0.0,29.0,2023.0,20.0,2023.0,2.13,2023.0,2000.0
Cambodia,16719000,Asia and the Pacific,5.0,83000.0,60.0,56.0,43.0,63.0,22.0,58.0,41.0,46.0,75.0,43.0,0.0,42.0,2023.0,22.0,2023.0,3.05,2023.0,-29998.0
Cameroon,26546000,Africa,5.8,155000.0,58.0,50.0,56.0,76.0,75.0,70.0,55.0,46.0,38.0,36.0,0.0,41.0,2023.0,27.0,2023.0,2.56,2023.0,-4800.0
Canada,37742000,Americas,1.8,69000.0,13.0,28.0,18.0,25.0,27.0,11.0,59.0,58.0,75.0,79.0,25.0,60.0,2023.0,76.0,2023.0,8.69,2023.0,249746.0
Cape Verde, -   ,Africa,,,,,,,,,23.0,35.0,50.0,43.0,0.0,31.0,,,2023.0,7.65,,
Central African Republic,4830000,Africa,5.2,25000.0,76.0,76.0,85.0,81.0,83.0,98.0,23.0,42.0,25.0,21.0,0.0,27.0,2023.0,24.0,,,2023.0,-14716.0
Chad,16426000,Africa,5.9,97000.0,86.0,55.0,56.0,80.0,57.0,84.0,14.0,38.0,13.0,36.0,0.0,24.0,2023.0,20.0,,,2023.0,-2000.0
Chile,19116000,Americas,3.2,61000.0,20.0,24.0,37.0,46.0,28.0,22.0,55.0,69.0,50.0,64.0,0.0,55.0,2023.0,66.0,2023.0,7.98,2023.0,-71205.0
China,1439324000,Asia and the Pacific,4.0,5771000.0,51.0,30.0,36.0,68.0,34.0,46.0,41.0,46.0,50.0,36.0,13.0,40.0,2023.0,42.0,2023.0,2.12,2023.0,-310220.0
Colombia,50883000,Americas,7.8,397000.0,44.0,32.0,62.0,58.0,58.0,51.0,45.0,46.0,63.0,57.0,13.0,46.0,2023.0,40.0,2023.0,6.55,2023.0,-175051.0
Costa Rica,5094000,Americas,3.2,16000.0,29.0,26.0,42.0,33.0,14.0,24.0,50.0,62.0,63.0,50.0,13.0,51.0,2023.0,55.0,2023.0,8.29,2023.0,3750.0
Croatia,4105000,Europe and Central Asia,5.2,22000.0,31.0,33.0,31.0,56.0,15.0,30.0,59.0,65.0,75.0,64.0,13.0,59.0,2023.0,50.0,2023.0,6.5,2023.0,-2000.0
Cuba,11327000,Americas,5.4,61000.0,56.0,35.0,37.0,45.0,20.0,43.0,27.0,38.0,50.0,29.0,0.0,31.0,2023.0,42.0,2023.0,2.65,2023.0,-6000.0
Cyprus,1207000,Europe and Central Asia,8.0,10000.0,17.0,24.0,33.0,54.0,26.0,21.0,64.0,62.0,63.0,57.0,25.0,58.0,2023.0,53.0,2023.0,7.38,2023.0,5000.0
Denmark,5792000,Europe and Central Asia,0.6,4000.0,12.0,22.0,16.0,18.0,24.0,6.0,64.0,65.0,75.0,64.0,25.0,62.0,2023.0,90.0,2023.0,9.28,2023.0,19999.0
Djibouti,988000,Africa,7.1,7000.0,62.0,58.0,34.0,75.0,10.0,57.0,41.0,46.0,38.0,29.0,0.0,36.0,2023.0,30.0,2023.0,2.7,2023.0,900.0
Dominican Republic,10848000,Americas,6.6,72000.0,39.0,38.0,53.0,62.0,13.0,41.0,32.0,62.0,63.0,57.0,0.0,46.0,2023.0,35.0,2023.0,6.44,2023.0,-29099.0
Ecuador,17643000,Americas,7.6,135000.0,49.0,38.0,52.0,61.0,26.0,48.0,50.0,58.0,63.0,57.0,13.0,51.0,2023.0,34.0,2023.0,5.41,2023.0,-21525.0
Egypt,102334000,Africa,4.3,442000.0,56.0,39.0,38.0,83.0,53.0,59.0,55.0,42.0,38.0,57.0,0.0,44.0,2023.0,35.0,2023.0,2.93,,
El Salvador,6486000,Americas,8.1,52000.0,54.0,34.0,67.0,62.0,21.0,52.0,45.0,58.0,50.0,43.0,0.0,45.0,2023.0,31.0,2023.0,4.71,2023.0,-23249.0
Equatorial Guinea,1403000,Africa,7.8,11000.0,73.0,60.0,55.0,77.0,7.0,69.0,27.0,27.0,25.0,14.0,0.0,22.0,2023.0,17.0,,,2023.0,4000.0
Eritrea,3546000,Africa,90.3,320000.0,66.0,60.0,46.0,77.0,21.0,66.0,-5.0,23.0,25.0,-21.0,0.0,5.0,2023.0,21.0,,,2023.0,-15297.0
Estonia,1327000,Europe and Central Asia,4.1,5000.0,16.0,18.0,25.0,50.0,23.0,15.0,59.0,46.0,75.0,79.0,25.0,56.0,2023.0,76.0,2023.0,7.96,2023.0,-1000.0
Ethiopia,114964000,Africa,6.3,727000.0,54.0,59.0,41.0,79.0,70.0,67.0,41.0,54.0,50.0,57.0,0.0,45.0,2023.0,37.0,2023.0,3.37,2023.0,-11999.0
Finland,5541000,Europe and Central Asia,1.4,8000.0,12.0,21.0,12.0,24.0,22.0,5.0,55.0,62.0,88.0,71.0,25.0,60.0,2023.0,87.0,2023.0,9.3,2023.0,13999.0
France,65274000,Europe and Central Asia,2.1,135000.0,11.0,21.0,28.0,33.0,38.0,13.0,41.0,81.0,88.0,57.0,38.0,62.0,2023.0,71.0,2023.0,8.07,2023.0,67761.0
Gabon,2226000,Africa,7.6,17000.0,62.0,52.0,51.0,69.0,16.0,59.0,27.0,31.0,25.0,21.0,0.0,24.0,2023.0,28.0,2023.0,2.18,2023.0,1000.0
Gambia,2417000,Africa,6.5,16000.0,65.0,51.0,41.0,65.0,16.0,58.0,23.0,58.0,25.0,43.0,0.0,36.0,2023.0,37.0,2023.0,4.47,,
Georgia,3989000,Europe and Central Asia,7.8,31000.0,40.0,27.0,34.0,68.0,29.0,38.0,68.0,65.0,75.0,71.0,0.0,62.0,2023.0,53.0,2023.0,5.2,2023.0,-9999.0
Germany,83784000,Europe and Central Asia,0.6,47000.0,13.0,22.0,25.0,18.0,35.0,11.0,50.0,81.0,63.0,57.0,38.0,62.0,2023.0,78.0,2023.0,8.8,2023.0,155751.0
Ghana,31073000,Africa,2.9,91000.0,43.0,44.0,47.0,62.0,21.0,45.0,45.0,54.0,63.0,36.0,13.0,45.0,2023.0,43.0,2023.0,6.3,2023.0,-9999.0
Greece,10423000,Europe and Central Asia,6.4,66000.0,17.0,22.0,32.0,52.0,31.0,21.0,68.0,62.0,75.0,64.0,25.0,62.0,2023.0,49.0,2023.0,8.14,2023.0,5000.0
Guatemala,17916000,Americas,7.8,140000.0,54.0,42.0,68.0,65.0,29.0,57.0,59.0,50.0,63.0,43.0,0.0,47.0,2023.0,23.0,2023.0,4.47,2023.0,-9110.0
Guinea,13133000,Africa,4.0,53000.0,75.0,46.0,50.0,74.0,21.0,66.0,36.0,50.0,38.0,29.0,0.0,36.0,2023.0,26.0,2023.0,2.21,2023.0,-4000.0
Guinea-Bissau,1968000,Africa,4.5,9000.0,83.0,75.0,63.0,70.0,11.0,80.0,32.0,35.0,25.0,57.0,0.0,33.0,2023.0,22.0,2023.0,2.45,2023.0,-1400.0
Guyana,787000,Americas,4.2,3000.0,45.0,24.0,61.0,61.0,10.0,41.0,50.0,65.0,63.0,50.0,0.0,51.0,2023.0,40.0,2023.0,6.26,2023.0,-3900.0
Haiti,11403000,Americas,8.2,94000.0,62.0,58.0,54.0,76.0,29.0,66.0,41.0,38.0,38.0,50.0,0.0,37.0,2023.0,17.0,2023.0,2.81,2023.0,-31811.0
Honduras,9905000,Americas,7.0,69000.0,66.0,41.0,66.0,58.0,33.0,62.0,45.0,54.0,50.0,64.0,0.0,47.0,2023.0,23.0,2023.0,4.98,2023.0,-5034.0
Hungary,9660000,Europe and Central Asia,6.6,63000.0,20.0,20.0,29.0,59.0,12.0,19.0,50.0,58.0,63.0,71.0,25.0,55.0,2023.0,42.0,2023.0,6.72,2023.0,-156677.0
Iceland,341000,Europe and Central Asia,,,,,,,,,55.0,50.0,38.0,50.0,25.0,47.0,2023.0,72.0,2023.0,9.45,2023.0,380.0
India,1380004000,Asia and the Pacific,8.0,11050000.0,46.0,48.0,40.0,55.0,80.0,56.0,36.0,58.0,75.0,50.0,0.0,46.0,2023.0,39.0,2023.0,7.18,2023.0,-486136.0
Indonesia,273524000,Asia and the Pacific,6.7,1833000.0,35.0,48.0,46.0,77.0,39.0,49.0,45.0,65.0,50.0,57.0,0.0,50.0,2023.0,34.0,2023.0,6.53,2023.0,-49997.0
Iraq,40223000,Arab States,5.5,221000.0,78.0,44.0,63.0,78.0,83.0,82.0,41.0,38.0,38.0,29.0,0.0,33.0,2023.0,23.0,2023.0,2.88,2023.0,-6000.0
Ireland,4938000,Europe and Central Asia,1.1,5000.0,14.0,25.0,27.0,18.0,18.0,9.0,59.0,69.0,88.0,64.0,25.0,63.0,2023.0,77.0,2023.0,9.19,2023.0,9999.0
Israel,8656000,Europe and Central Asia,3.8,33000.0,46.0,32.0,28.0,44.0,25.0,35.0,41.0,50.0,63.0,57.0,0.0,45.0,2023.0,62.0,2023.0,7.8,2023.0,9999.0
Italy,60462000,Europe and Central Asia,3.3,197000.0,22.0,24.0,38.0,39.0,26.0,22.0,50.0,65.0,63.0,79.0,25.0,59.0,2023.0,56.0,2023.0,7.69,2023.0,58496.0
Jamaica,2961000,Americas,7.3,22000.0,39.0,38.0,79.0,52.0,12.0,45.0,41.0,62.0,88.0,57.0,0.0,51.0,2023.0,44.0,2023.0,7.06,2023.0,-10999.0
Japan,126476000,Asia and the Pacific,1.1,144000.0,17.0,20.0,17.0,40.0,19.0,11.0,45.0,42.0,63.0,57.0,0.0,44.0,2023.0,73.0,2023.0,8.4,2023.0,99994.0
Jordan,10203000,Arab States,10.0,102000.0,51.0,38.0,35.0,80.0,27.0,49.0,50.0,54.0,50.0,50.0,0.0,46.0,2023.0,46.0,2023.0,3.04,2023.0,-157392.0
Kazakhstan,18777000,Europe and Central Asia,11.1,208000.0,54.0,21.0,36.0,68.0,21.0,42.0,45.0,50.0,50.0,64.0,0.0,46.0,2023.0,39.0,2023.0,3.08,2023.0,0.0
Kenya,53771000,Africa,5.0,269000.0,57.0,57.0,48.0,68.0,63.0,66.0,55.0,50.0,50.0,50.0,0.0,46.0,2023.0,31.0,2023.0,5.05,2023.0,-10000.0
Kosovo, -   ,Europe and Central Asia,8.0,14000.0,58.0,26.0,34.0,62.0,1.0,40.0,59.0,50.0,50.0,36.0,0.0,45.0,2023.0,41.0,,,2023.0,-5000.0
Kuwait,4271000,Arab States,13.0,55000.0,44.0,31.0,30.0,61.0,31.0,39.0,36.0,42.0,50.0,43.0,0.0,37.0,2023.0,46.0,2023.0,3.5,2023.0,11999.0
Kyrgyzstan,6524000,Europe and Central Asia,8.7,57000.0,65.0,34.0,42.0,76.0,18.0,55.0,41.0,65.0,63.0,43.0,0.0,47.0,2023.0,26.0,2023.0,3.7,,
Latvia,1886000,Europe and Central Asia,3.4,6000.0,16.0,20.0,34.0,41.0,26.0,17.0,64.0,65.0,63.0,57.0,25.0,59.0,2023.0,60.0,2023.0,7.38,2023.0,-7630.0
Lebanon,6825000,Arab States,7.6,52000.0,59.0,45.0,45.0,74.0,42.0,60.0,32.0,42.0,50.0,29.0,0.0,33.0,2023.0,24.0,2023.0,3.56,2023.0,-177331.0
Lesotho,2142000,Africa,1.6,4000.0,62.0,69.0,51.0,56.0,1.0,59.0,36.0,50.0,50.0,43.0,0.0,40.0,2023.0,39.0,2023.0,6.06,2023.0,-4000.0
Liberia,5058000,Africa,3.1,16000.0,55.0,64.0,39.0,67.0,13.0,56.0,50.0,42.0,50.0,43.0,0.0,41.0,2023.0,25.0,2023.0,5.57,2023.0,-5000.0
Libya,6871000,Africa,6.8,47000.0,76.0,49.0,64.0,66.0,82.0,80.0,-9.0,35.0,25.0,-7.0,0.0,10.0,2023.0,18.0,,,2023.0,-2000.0
Lithuania,2722000,Europe and Central Asia,6.1,17000.0,25.0,19.0,29.0,56.0,16.0,21.0,59.0,65.0,50.0,64.0,25.0,58.0,2023.0,61.0,2023.0,7.31,2023.0,-13128.0
Luxembourg,626000,Europe and Central Asia,,,,,,,,,50.0,62.0,50.0,50.0,25.0,51.0,2023.0,78.0,2023.0,8.81,2023.0,4883.0
Madagascar,27691000,Africa,4.6,127000.0,48.0,60.0,65.0,74.0,18.0,60.0,41.0,65.0,25.0,36.0,0.0,42.0,2023.0,25.0,2023.0,5.26,2023.0,-1500.0
Malawi,19130000,Africa,4.9,93000.0,49.0,52.0,54.0,77.0,15.0,55.0,55.0,46.0,38.0,21.0,0.0,38.0,2023.0,34.0,2023.0,5.85,2023.0,-6000.0
Malaysia,32366000,Asia and the Pacific,6.3,202000.0,30.0,33.0,38.0,72.0,33.0,37.0,41.0,58.0,50.0,50.0,0.0,45.0,2023.0,50.0,2023.0,7.29,2023.0,48997.0
Mali,20251000,Africa,5.2,106000.0,63.0,43.0,63.0,71.0,84.0,73.0,23.0,50.0,50.0,14.0,0.0,31.0,2023.0,28.0,2023.0,2.58,2023.0,-39998.0
Mauritania,4650000,Africa,32.0,149000.0,78.0,46.0,38.0,87.0,15.0,66.0,27.0,54.0,38.0,29.0,0.0,35.0,2023.0,30.0,2023.0,4.14,2023.0,3000.0
Mauritius,1272000,Africa,1.5,2000.0,21.0,25.0,39.0,47.0,8.0,20.0,32.0,50.0,25.0,43.0,0.0,36.0,2023.0,51.0,2023.0,8.14,2023.0,0.0
Mexico,128933000,Americas,6.6,850000.0,49.0,35.0,69.0,49.0,75.0,58.0,50.0,65.0,88.0,57.0,0.0,55.0,2023.0,31.0,2023.0,5.14,2023.0,-50239.0
Mongolia,3278000,Asia and the Pacific,4.0,13000.0,50.0,50.0,44.0,67.0,14.0,50.0,36.0,54.0,25.0,43.0,13.0,40.0,2023.0,33.0,2023.0,6.48,2023.0,-850.0
Montenegro,628000,Europe and Central Asia,,,,,,,,,68.0,73.0,63.0,57.0,0.0,60.0,2023.0,46.0,2023.0,6.67,2023.0,-480.0
Morocco,36911000,Africa,2.3,85000.0,51.0,34.0,40.0,61.0,20.0,44.0,23.0,54.0,50.0,57.0,0.0,40.0,2023.0,38.0,2023.0,5.04,2023.0,-39998.0
Mozambique,31255000,Africa,3.0,93000.0,58.0,63.0,57.0,58.0,54.0,67.0,50.0,54.0,50.0,43.0,0.0,45.0,2023.0,25.0,2023.0,3.51,2023.0,-5000.0
Myanmar,54410000,Asia and the Pacific,12.1,657000.0,65.0,50.0,34.0,75.0,69.0,67.0,50.0,42.0,75.0,36.0,0.0,42.0,2023.0,20.0,,,2023.0,-34998.0
Namibia,2541000,Africa,2.4,6000.0,38.0,61.0,55.0,57.0,10.0,47.0,55.0,46.0,25.0,57.0,0.0,44.0,2023.0,49.0,2023.0,6.52,2023.0,-3916.0
Nepal,29137000,Asia and the Pacific,3.3,97000.0,47.0,55.0,39.0,38.0,33.0,46.0,36.0,58.0,63.0,50.0,0.0,45.0,2023.0,35.0,2023.0,4.6,2023.0,-62012.0
Netherlands,17135000,Europe and Central Asia,0.6,10000.0,11.0,19.0,23.0,18.0,24.0,6.0,77.0,62.0,88.0,64.0,38.0,67.0,2023.0,79.0,2023.0,9.0,2023.0,29998.0
New Zealand,4822000,Asia and the Pacific,1.6,8000.0,14.0,23.0,11.0,31.0,17.0,8.0,45.0,65.0,50.0,64.0,25.0,54.0,2023.0,85.0,2023.0,9.61,2023.0,12999.0
Nicaragua,6625000,Americas,7.3,49000.0,52.0,44.0,58.0,63.0,29.0,54.0,27.0,50.0,38.0,43.0,0.0,36.0,2023.0,17.0,2023.0,2.26,2023.0,-8000.0
Niger,24207000,Africa,4.6,112000.0,68.0,59.0,63.0,64.0,66.0,76.0,23.0,54.0,50.0,43.0,0.0,37.0,2023.0,32.0,2023.0,2.37,2023.0,1000.0
Nigeria,206140000,Africa,7.8,1611000.0,57.0,55.0,58.0,78.0,93.0,76.0,68.0,58.0,50.0,57.0,0.0,54.0,2023.0,25.0,2023.0,4.23,2023.0,-59996.0
Norway,5421000,Europe and Central Asia,0.5,3000.0,4.0,26.0,14.0,14.0,21.0,1.0,55.0,73.0,75.0,64.0,38.0,63.0,2023.0,84.0,2023.0,9.81,2023.0,27998.0
Oman,5107000,Arab States,6.5,33000.0,58.0,33.0,21.0,64.0,4.0,40.0,41.0,38.0,50.0,50.0,0.0,38.0,2023.0,43.0,2023.0,3.12,2023.0,0.0
Pakistan,220892000,Asia and the Pacific,10.6,2349000.0,78.0,54.0,46.0,70.0,83.0,80.0,36.0,42.0,50.0,43.0,0.0,37.0,2023.0,29.0,2023.0,3.25,2023.0,-165988.0
Panama,4315000,Americas,4.7,20000.0,36.0,31.0,50.0,51.0,8.0,33.0,41.0,65.0,50.0,71.0,0.0,51.0,2023.0,35.0,2023.0,6.91,2023.0,7262.0
Papua New Guinea,8947000,Asia and the Pacific,10.3,93000.0,69.0,68.0,100.0,60.0,21.0,79.0,23.0,42.0,50.0,29.0,0.0,31.0,2023.0,29.0,2023.0,6.03,2023.0,-800.0
Paraguay,7133000,Americas,6.4,46000.0,46.0,38.0,59.0,63.0,19.0,47.0,41.0,69.0,63.0,43.0,0.0,49.0,2023.0,28.0,2023.0,6.0,2023.0,-12499.0
Peru,32972000,Americas,7.1,234000.0,42.0,41.0,53.0,63.0,30.0,47.0,59.0,65.0,63.0,57.0,0.0,55.0,2023.0,33.0,2023.0,5.81,2023.0,-61442.0
Philippines,109581000,Asia and the Pacific,7.8,859000.0,55.0,53.0,58.0,60.0,70.0,66.0,59.0,73.0,75.0,50.0,13.0,59.0,2023.0,34.0,2023.0,6.66,2023.0,-69996.0
Poland,37847000,Europe and Central Asia,5.5,209000.0,19.0,22.0,33.0,52.0,15.0,19.0,50.0,65.0,75.0,50.0,25.0,55.0,2023.0,54.0,2023.0,7.18,2023.0,-910475.0
Portugal,10197000,Europe and Central Asia,3.8,39000.0,6.0,21.0,24.0,41.0,8.0,6.0,73.0,73.0,75.0,64.0,25.0,67.0,2023.0,61.0,2023.0,7.75,2023.0,9999.0
Qatar,2881000,Arab States,6.8,20000.0,48.0,41.0,11.0,70.0,13.0,38.0,59.0,42.0,63.0,64.0,0.0,49.0,2023.0,58.0,2023.0,3.65,2023.0,0.0
Romania,19238000,Europe and Central Asia,7.5,145000.0,27.0,23.0,35.0,62.0,12.0,26.0,59.0,65.0,75.0,50.0,25.0,58.0,2023.0,46.0,2023.0,6.45,2023.0,-254616.0
Rwanda,12952000,Africa,4.3,55000.0,40.0,61.0,39.0,78.0,31.0,53.0,55.0,62.0,38.0,57.0,0.0,50.0,2023.0,53.0,2023.0,3.3,2023.0,-8999.0
Saudi Arabia,34814000,Arab States,21.3,740000.0,66.0,29.0,22.0,68.0,47.0,53.0,59.0,54.0,63.0,43.0,0.0,49.0,2023.0,52.0,,,2023.0,28998.0
Senegal,16744000,Africa,2.9,49000.0,58.0,43.0,41.0,69.0,20.0,53.0,36.0,50.0,63.0,36.0,0.0,40.0,2023.0,43.0,2023.0,5.48,2023.0,-19999.0
Serbia,8737000,Europe and Central Asia,7.0,61000.0,35.0,33.0,34.0,64.0,21.0,34.0,64.0,69.0,63.0,50.0,0.0,56.0,2023.0,36.0,2023.0,6.33,2023.0,-9999.0
Sierra Leone,7977000,Africa,3.4,27000.0,49.0,64.0,48.0,65.0,19.0,55.0,27.0,46.0,38.0,36.0,0.0,33.0,2023.0,35.0,2023.0,4.32,2023.0,-4000.0
Singapore,5850000,Asia and the Pacific,2.1,12000.0,39.0,23.0,13.0,51.0,13.0,24.0,55.0,54.0,38.0,57.0,0.0,47.0,2023.0,83.0,2023.0,6.18,2023.0,26998.0
Slovakia,5460000,Europe and Central Asia,7.7,42000.0,14.0,19.0,31.0,59.0,14.0,16.0,50.0,62.0,63.0,79.0,25.0,58.0,,,2023.0,7.07,,
Slovenia,2079000,Europe and Central Asia,4.4,9000.0,13.0,19.0,20.0,49.0,1.0,9.0,50.0,65.0,63.0,64.0,25.0,56.0,2023.0,56.0,2023.0,7.75,2023.0,2000.0
Somalia,15893000,Africa,6.2,98000.0,93.0,62.0,68.0,86.0,80.0,98.0,9.0,27.0,25.0,21.0,0.0,18.0,2023.0,11.0,,,2023.0,-30000.0
South Africa,59309000,Africa,2.7,158000.0,41.0,51.0,74.0,49.0,32.0,52.0,45.0,69.0,63.0,57.0,0.0,53.0,2023.0,41.0,2023.0,7.05,2023.0,58496.0
South Sudan,11194000,Africa,10.3,115000.0,99.0,57.0,73.0,86.0,75.0,100.0,,,,,,,2023.0,13.0,,,2023.0,-23291.0
Spain,46755000,Europe and Central Asia,2.3,108000.0,12.0,25.0,23.0,24.0,28.0,10.0,55.0,73.0,75.0,71.0,25.0,63.0,2023.0,60.0,2023.0,8.07,2023.0,39998.0
Sri Lanka,21413000,Asia and the Pacific,6.5,139000.0,60.0,34.0,43.0,69.0,42.0,56.0,45.0,65.0,50.0,50.0,0.0,49.0,2023.0,34.0,2023.0,6.17,2023.0,-77495.0
Sudan,43849000,Africa,4.0,174000.0,86.0,48.0,42.0,77.0,83.0,82.0,9.0,46.0,38.0,21.0,0.0,26.0,2023.0,20.0,,,2023.0,-9999.0
Suriname,587000,Americas,,,,,,,,,36.0,35.0,25.0,36.0,0.0,31.0,2023.0,40.0,2023.0,6.88,2023.0,-1000.0
Sweden,10099000,Europe and Central Asia,0.6,6000.0,12.0,20.0,24.0,11.0,33.0,7.0,59.0,69.0,63.0,79.0,25.0,63.0,2023.0,82.0,2023.0,9.39,2023.0,39998.0
Switzerland,8655000,Europe and Central Asia,0.5,4000.0,25.0,24.0,15.0,31.0,13.0,14.0,50.0,50.0,50.0,64.0,25.0,50.0,2023.0,82.0,2023.0,9.14,2023.0,39998.0
Tajikistan,9538000,Europe and Central Asia,14.0,133000.0,69.0,47.0,44.0,88.0,33.0,67.0,23.0,54.0,50.0,36.0,0.0,36.0,2023.0,20.0,,,2023.0,-19999.0
Thailand,69800000,Asia and the Pacific,5.7,401000.0,42.0,32.0,47.0,58.0,55.0,46.0,50.0,65.0,75.0,64.0,0.0,55.0,2023.0,35.0,2023.0,6.35,2023.0,18999.0
Timor-Leste,1318000,Asia and the Pacific,6.1,8000.0,46.0,56.0,52.0,67.0,10.0,51.0,32.0,42.0,50.0,36.0,0.0,35.0,2023.0,43.0,,,2023.0,-5000.0
Togo,8279000,Africa,3.3,28000.0,60.0,51.0,48.0,68.0,13.0,57.0,27.0,42.0,38.0,43.0,0.0,33.0,2023.0,31.0,2023.0,2.99,2023.0,-2000.0
Trinidad and Tobago,1399000,Americas,4.7,7000.0,41.0,31.0,59.0,49.0,8.0,38.0,50.0,65.0,63.0,36.0,0.0,49.0,2023.0,42.0,2023.0,7.16,2023.0,-800.0
Tunisia,11819000,Africa,2.3,27000.0,54.0,31.0,39.0,66.0,33.0,48.0,50.0,54.0,50.0,57.0,0.0,47.0,2023.0,40.0,2023.0,5.51,2023.0,-4000.0
Turkmenistan,6031000,Europe and Central Asia,11.9,72000.0,68.0,20.0,24.0,76.0,16.0,47.0,14.0,46.0,25.0,21.0,0.0,26.0,2023.0,18.0,,,2023.0,-4000.0
UK,67886000,Europe and Central Asia,1.8,122000.0,12.0,25.0,28.0,30.0,34.0,14.0,59.0,81.0,75.0,71.0,38.0,68.0,2023.0,71.0,2023.0,8.28,2023.0,165790.0
USA,331003000,Americas,3.3,1091000.0,28.0,28.0,29.0,36.0,33.0,25.0,86.0,62.0,63.0,64.0,38.0,67.0,2023.0,69.0,2023.0,7.85,2023.0,999700.0
Uganda,45741000,Africa,4.2,190000.0,48.0,73.0,52.0,71.0,29.0,62.0,50.0,50.0,75.0,43.0,0.0,46.0,2023.0,26.0,2023.0,4.49,2023.0,-126181.0
Ukraine,43734000,Europe and Central Asia,12.8,559000.0,49.0,27.0,41.0,66.0,50.0,48.0,64.0,54.0,63.0,50.0,0.0,51.0,2023.0,36.0,2023.0,5.06,2023.0,1784718.0
United Arab Emirates,9890000,Arab States,13.4,132000.0,57.0,27.0,22.0,68.0,6.0,40.0,59.0,42.0,75.0,64.0,0.0,50.0,2023.0,68.0,2023.0,3.01,2023.0,0.0
Uruguay,3474000,Americas,1.9,7000.0,41.0,25.0,48.0,22.0,9.0,27.0,55.0,73.0,50.0,64.0,0.0,56.0,2023.0,73.0,2023.0,8.66,2023.0,-1500.0
Uzbekistan,33469000,Europe and Central Asia,7.4,249000.0,72.0,34.0,37.0,66.0,23.0,56.0,45.0,54.0,50.0,57.0,0.0,46.0,2023.0,33.0,,,2023.0,-19999.0
Yemen,29826000,Arab States,6.0,180000.0,78.0,60.0,64.0,88.0,80.0,89.0,,,,,,,2023.0,16.0,,,,
Zambia,18384000,Africa,5.1,94000.0,47.0,61.0,64.0,80.0,7.0,58.0,50.0,46.0,50.0,57.0,0.0,45.0,2023.0,37.0,2023.0,5.8,2023.0,-5000.0
Zimbabwe,14863000,Africa,5.0,74000.0,74.0,62.0,61.0,81.0,22.0,75.0,27.0,35.0,38.0,21.0,0.0,27.0,2023.0,24.0,2023.0,3.04,2023.0,-9999.0
